NOME,DESCRICAO
Língua Portuguesa,Língua Portuguesa
Inglês,Inglês
Educação Física,Educação Física
Matemática,Matemática
Biologia,Biologia
Química,Química
Sociologia,Sociologia
História,História
Geografia,Geografia
Informática Básica,Informática Básica
Sistemas Operacionais,Sistemas Operacionais
Fundamentos de Redes,Fundamentos de Redes
Projeto Integrador I,Projeto Integrador I
Gestão do Tempo Acadêmico,Gestão do Tempo Acadêmico
Língua Portuguesa,Língua Portuguesa
Arte,Arte
Espanhol,Espanhol
Matemática,Matemática
Filosofia,Filosofia
Sociologia,Sociologia
Informática Básica,Informática Básica
Algoritmos e Lógica de Programação,Algoritmos e Lógica de Programação
Introdução a Programação Web,Introdução a Programação Web
Projeto Integrador II,Projeto Integrador II
Robótica,Robótica
Língua Portuguesa,Língua Portuguesa
Inglês,Inglês
Espanhol,Espanhol
Educação Física,Educação Física
Matemática,Matemática
Biologia,Biologia
Física,Física
Química,Química
História,História
Geografia,Geografia
Filosofia,Filosofia
Sociologia,Sociologia
Empreendedorismo,Empreendedorismo
Tópicos Especiais,Tópicos Especiais
Programação Web,Programação Web
Redes e Segurança,Redes e Segurança
Protocolos de Aplicação,Protocolos de Aplicação
Gerência de Redes,Gerência de Redes
Introdução a Programação Web,Introdução a Programação Web
Algoritmos e Lógica de Programação,Algoritmos e Lógica de Programação
Práticas de Redes,Práticas de Redes
Projeto Integrador,Projeto Integrador
Banco de Dados II,Banco de Dados II
Tópicos Especiais em Desenvolvimento,Tópicos Especiais em Desenvolvimento
Tecnologias Emergentes,Tecnologias Emergentes
Metodologia da Pesquisa Científica,Metodologia da Pesquisa Científica
Estatística,Estatística
Algoritmos e Programação,Algoritmos e Programação
Atividades Linguísticas,Atividades Linguísticas
Matemática Computacional,Matemática Computacional
Inglês Técnico,Inglês Técnico
Introdução a Administração,Introdução a Administração
Banco de Dados II,Banco de Dados II
Arquitetura de Computadores,Arquitetura de Computadores
Sistemas Operacionais,Sistemas Operacionais
Estruturas de Dados II,Estruturas de Dados II
Programação para Internet I,Programação para Internet I
Engenharia de Software II,Engenharia de Software II
Projeto Integrador I,Projeto Integrador I
Interação Humano-Computador,Interação Humano-Computador
Tópicos Especiais em Programação,Tópicos Especiais em Programação
Tópicos Especiais em Programação,Tópicos Especiais em Programação
Engenharia de Software IV,Engenharia de Software IV
Projeto Integrador III,Projeto Integrador III
Elaboração de Projeto de Pesquisa,Elaboração de Projeto de Pesquisa
Introdução a Computação,Introdução a Computação
Gestão da Inovação,Gestão da Inovação
Informática Aplicada a Agricultura,Informática Aplicada a Agricultura
Solos,Solos
Fitossanidade,Fitossanidade
"Ciência, Tecnologia, Sociedade e Trabalho","Ciência, Tecnologia, Sociedade e Trabalho"
Agroecologia,Agroecologia
Língua Portuguesa,Língua Portuguesa
Inglês,Inglês
Educação Física,Educação Física
Matemática,Matemática
Biologia,Biologia
Química,Química
História,História
Geografia,Geografia
Clube de Línguas,Clube de Línguas
Ovinocaprinocultura e Caprinocultura,Ovinocaprinocultura e Caprinocultura
Culturas Anuais,Culturas Anuais
Economia e Mercado Agropecuário,Economia e Mercado Agropecuário
Man. Cons. Água/Solo,Man. Cons. Água/Solo
Língua Portuguesa,Língua Portuguesa
Arte,Arte
Espanhol,Espanhol
Matemática,Matemática
Física,Física
Filosofia,Filosofia
Sociologia,Sociologia
Ovinocaprinocultura e Caprinocultura,Ovinocaprinocultura e Caprinocultura
Culturas Anuais,Culturas Anuais
Economia e Mercado Agropecuário,Economia e Mercado Agropecuário
Mec. Peq. Prop. Agricolas,Mec. Peq. Prop. Agricolas
Avicultura Caipira,Avicultura Caipira
Língua Portuguesa,Língua Portuguesa
Arte,Arte
Espanhol,Espanhol
Matemática,Matemática
Física,Física
Filosofia,Filosofia
Sociologia,Sociologia
Avicultura,Avicultura
Culturas Regionais,Culturas Regionais
Irrigação e Drenagem,Irrigação e Drenagem
Extensão Rural,Extensão Rural
Administração e Economia Rural,Administração e Economia Rural
Apicultura,Apicultura
Psicultura,Psicultura
Processamento de Produtos de origem Animal e Vegetal,Processamento de Produtos de origem Animal e Vegetal
Silvicultura,Silvicultura
Língua Portuguesa,Língua Portuguesa
Inglês,Inglês
Espanhol,Espanhol
Educação Física,Educação Física
Matemática,Matemática
Biologia,Biologia
Física,Física
Química,Química
História,História
Geografia,Geografia
Filosofia,Filosofia
Sociologia,Sociologia
Ovinocultura e Caprinocultura,Ovinocultura e Caprinocultura
Mecanização Agrícula,Mecanização Agrícula
Fitossanidade,Fitossanidade
"Desenho Técnico, Topografia e Construções Rurais","Desenho Técnico, Topografia e Construções Rurais"
Bovinocultura de Leite,Bovinocultura de Leite
Língua Portuguesa,Língua Portuguesa
Inglês,Inglês
Educação Física,Educação Física
Matemática,Matemática
Química,Química
História,História
Geografia,Geografia
Filosofia,Filosofia
Análise de Dados em Administração,Análise de Dados em Administração
Fundamentos e Teorias da Administração,Fundamentos e Teorias da Administração
Ética Profissinal e Cidadania,Ética Profissinal e Cidadania
Língua Portuguesa,Língua Portuguesa
Arte,Arte
Espanhol,Espanhol
Matemática,Matemática
Física,Física
Filosofia,Filosofia
Sociologia,Sociologia
Processos Gerenciais,Processos Gerenciais
Administração da Produção,Administração da Produção
Gestão de Marketing e Vendas,Gestão de Marketing e Vendas
"Ciência, Tecnologia, Sociedade e Trabalho","Ciência, Tecnologia, Sociedade e Trabalho"
"Marketing Pessoal, Currículo e Oratória","Marketing Pessoal, Currículo e Oratória"
Educação e Saúde Financeira,Educação e Saúde Financeira
Língua Portuguesa,Língua Portuguesa
Inglês,Inglês
Espanhol,Espanhol
Educação Física,Educação Física
Matemática,Matemática
Biologia,Biologia
Física,Física
Química,Química
História,História
Geografia,Geografia
Filosofia,Filosofia
Sociologia,Sociologia
Gestão da Inovação e Empreendedorismo,Gestão da Inovação e Empreendedorismo
Administração da Produção,Administração da Produção
Tecnologia Aplicada à Administração,Tecnologia Aplicada à Administração
Administração de Vendas,Administração de Vendas
Língua Portuguesa,Língua Portuguesa
Arte,Arte
Arte,Arte
Língua Portuguesa,Língua Portuguesa
Espanhol,Espanhol
Espanhol,Espanhol
Educação Física,Educação Física
Educação Física,Educação Física
Matemática,Matemática
Matemática,Matemática
Filosofia,Filosofia
Filosofia,Filosofia
Sociologia,Sociologia
Sociologia,Sociologia
Ciência Ambiental,Ciência Ambiental
Ciência Ambiental,Ciência Ambiental
Técnica de Laboratório,Técnica de Laboratório
Técnica de Laboratório,Técnica de Laboratório
Ambiente Cidadania e Sustentabilidade,Ambiente Cidadania e Sustentabilidade
Ambiente Cidadania e Sustentabilidade,Ambiente Cidadania e Sustentabilidade
Informática Aplicada,Informática Aplicada
Informática Aplicada,Informática Aplicada
Língua Portuguesa,Língua Portuguesa
Arte,Arte
Espanhol,Espanhol
Educação Física,Educação Física
Matemática,Matemática
Física,Física
Filosofia,Filosofia
Sociologia,Sociologia
Instrumentos de Gestão Ambiental,Instrumentos de Gestão Ambiental
Solos e Rec. de Áreas Degradadas,Solos e Rec. de Áreas Degradadas
Fisiografia,Fisiografia
Desenvolvimento Rural,Desenvolvimento Rural
Energia e Meio Ambiente,Energia e Meio Ambiente
Língua Portuguesa,Língua Portuguesa
Inglês,Inglês
Espanhol,Espanhol
Educação Física,Educação Física
Matemática,Matemática
Biologia,Biologia
Física,Física
Química,Química
História,História
Geografia,Geografia
Filosofia,Filosofia
Sociologia,Sociologia
Empreendedorismo,Empreendedorismo
Avaliação de Impacto Ambiental,Avaliação de Impacto Ambiental
Educação e Elab. de Projetos Ambientais,Educação e Elab. de Projetos Ambientais
Recuperação de Áreas Degradadas,Recuperação de Áreas Degradadas
Sistema Urbano de Água e Esgoto,Sistema Urbano de Água e Esgoto
Introdução as Ciências da Natureza,Introdução as Ciências da Natureza
Pré-Cálculo,Pré-Cálculo
Geometria Analítica,Geometria Analítica
Linguagem e Produção Textual,Linguagem e Produção Textual
Metodologia Científica,Metodologia Científica
Profissionalização Docente,Profissionalização Docente
Filosofia da Educação,Filosofia da Educação
Fundamentos e Metodologia de Extensão do Ensino Superior,Fundamentos e Metodologia de Extensão do Ensino Superior
Psicologia da Educação,Psicologia da Educação
Cálculo de Função de mais de uma Varíavel,Cálculo de Função de mais de uma Varíavel
Mecânica II,Mecânica II
Laboratório de Mecânica,Laboratório de Mecânica
Projeto Integrador III,Projeto Integrador III
Didática,Didática
Cálculo Vetorial,Cálculo Vetorial
Equações Diferenciais Aplicadas,Equações Diferenciais Aplicadas
Termodinâmica,Termodinâmica
Laboratório de Termodinâmica,Laboratório de Termodinâmica
Projeto Integrador V,Projeto Integrador V
Educação Especial,Educação Especial
Educação Profissional e Tecnologica,Educação Profissional e Tecnologica
Tópicos de Química,Tópicos de Química
Eletromagnetismo,Eletromagnetismo
Laboratório de Eletromagnetismo,Laboratório de Eletromagnetismo
Estágio Supervisionado II,Estágio Supervisionado II
"Educ. para Direitos Humanos, Diversidade e Sustentabildade","Educ. para Direitos Humanos, Diversidade e Sustentabildade"
Intrudução a Mecânica Quantica,Intrudução a Mecânica Quantica
Eletiva II,Eletiva II
Matemática Básica,Matemática Básica
Lógica Matemática,Lógica Matemática
Leitura e Produção Textual,Leitura e Produção Textual
Profissionalização Docente,Profissionalização Docente
Inglês Instrumental,Inglês Instrumental
Filosofia da Educação,Filosofia da Educação
Disciplina Extensionista,Disciplina Extensionista
Cálculo I,Cálculo I
Geometria Espacial,Geometria Espacial
LEM,LEM
Psicologia da Educação,Psicologia da Educação
Política e Organização da Educação Nacional,Política e Organização da Educação Nacional
Projeto Integrador III,Projeto Integrador III
Cálculo III,Cálculo III
Álgebra Linear,Álgebra Linear
Metodologia Científica,Metodologia Científica
LIBRAS,LIBRAS
Didática,Didática
Projeto Integrador V,Projeto Integrador V
Cálculo Numérico,Cálculo Numérico
Teoria dos Números,Teoria dos Números
EJA,EJA
"Educ. para Direitos Humanos, Diversidade e Sustentabildade","Educ. para Direitos Humanos, Diversidade e Sustentabildade"
Instrumentação do Ensino de Matemática I,Instrumentação do Ensino de Matemática I
Estágio Supervisionado II,Estágio Supervisionado II
Análise Real,Análise Real
Matemática Comercial e Financeira,Matemática Comercial e Financeira
Tópicos de Física,Tópicos de Física
Trabalho de Conclusão de Curso II,Trabalho de Conclusão de Curso II
Estágio Supervisionado IV,Estágio Supervisionado IV
Ecologia,Ecologia
Educação das Relações Etnico-Raciais,Educação das Relações Etnico-Raciais
Estatística Aplicada,Estatística Aplicada
Química Ambiental,Química Ambiental
Geologia Ambiental,Geologia Ambiental
Saúde Pública e Meio Ambiente,Saúde Pública e Meio Ambiente
Economia do Meio Ambiente,Economia do Meio Ambiente
Introdução a Gest. Ambiental,Introdução a Gest. Ambiental
Fundamentos e Met. de Extensão do ES,Fundamentos e Met. de Extensão do ES
Legislação e Direito Ambiental,Legislação e Direito Ambiental
Cartografia Ambiental,Cartografia Ambiental
Est. da Fauna Regional,Est. da Fauna Regional
Est. da Flora Regional,Est. da Flora Regional
Drenagem Urbana,Drenagem Urbana
Pedologia e Menejo Ecol. do Solo,Pedologia e Menejo Ecol. do Solo
Desenvolvimento Rural Sustentável,Desenvolvimento Rural Sustentável
Avaliação de Impacto Ambiental,Avaliação de Impacto Ambiental
Gestão de Arborização Urbana,Gestão de Arborização Urbana
Saúde Pública e Meio Ambiente,Saúde Pública e Meio Ambiente
Gestão Ambiental Urbana,Gestão Ambiental Urbana
Projeto Pesquisa II,Projeto Pesquisa II
"Legislação Trabalhista, Tributária e Empresarial","Legislação Trabalhista, Tributária e Empresarial"
Contabilidade Geral,Contabilidade Geral
Contabildade Comercial e de Custos,Contabildade Comercial e de Custos
Matemática Financeira,Matemática Financeira
Técnicas de Vendas e Negociação,Técnicas de Vendas e Negociação
Comunicação Empresarial,Comunicação Empresarial
Língua Portuguesa,Língua Portuguesa
Matemática,Matemática
Inglês,Inglês
Física,Física
História,História
Filosofia,Filosofia
Introdução a Administração,Introdução a Administração
Orientação Profissinal,Orientação Profissinal
Noçoes Básicas de Direito,Noçoes Básicas de Direito
Noções de Hardware,Noções de Hardware
Trabalho de Conclusão de Curso,Trabalho de Conclusão de Curso
Climatologia Ambiental,Climatologia Ambiental
Política e Organização da Educação Nacional,Política e Organização da Educação Nacional
Noções de Direito Público e Privado,Noções de Direito Público e Privado
Noções de Direito Público e Privado,Noções de Direito Público e Privado
Eletiva I,Eletiva I
Física,Física
Física,Física
Física,Física
História da Física,História da Física
Estágio Supervisionado IV,Estágio Supervisionado IV
Metodologia Científica,Metodologia Científica
Sistemas de Esgot. Sanitário,Sistemas de Esgot. Sanitário